,response
AAAGAACGTATCTTCT-1-resistant,0
AAAGGGCCATCATCCC-1-resistant,0
AAAGTCCCACAGACGA-1-resistant,0
AACACACAGGCTCCCA-1-resistant,0
AACCATGCAGCGCGTT-1-resistant,0
AACCTTTAGTTAACGA-1-resistant,0
AACGGGACAAGGTCTT-1-resistant,0
AACGGGAGTTACGTAC-1-resistant,0
AACGTCAAGGTCGTAG-1-resistant,0
AACTTCTAGATTGAGT-1-resistant,0
AAGACAACACGACCTG-1-resistant,0
AAGACTCCATATGAAG-1-resistant,0
AAGCGTTTCTATGTGG-1-resistant,0
AAGGAATTCCTTCAGC-1-resistant,0
AATAGAGGTGACCGAA-1-resistant,0
AATGACCAGCCTCATA-1-resistant,0
AATGGCTCAGACAATA-1-resistant,0
ACACTGACAGAAATCA-1-resistant,0
ACATGCAGTGCACGCT-1-resistant,0
ACATTTCCAGTCGGAA-1-resistant,0
ACCAAACAGCTGAAGC-1-resistant,0
ACCATTTGTTGCAAGG-1-resistant,0
ACCGTTCAGCCGTTAT-1-resistant,0
ACGATCAGTACCTTCC-1-resistant,0
ACGATGTGTAACCCTA-1-resistant,0
ACGGAAGCATTACGGT-1-resistant,0
ACGGGTCTCTTTCCAA-1-resistant,0
ACGTTCCAGCACTCGC-1-resistant,0
ACGTTCCCACAACGTT-1-resistant,0
ACGTTCCGTTTCGATG-1-resistant,0
ACTACGAAGACAACAT-1-resistant,0
ACTGATGGTTGTTGAC-1-resistant,0
ACTTTCATCTCCTACG-1-resistant,0
AGAACAATCTGCTCTG-1-resistant,0
AGAACCTCAAGTCCCG-1-resistant,0
AGACCCGCATTAAAGG-1-resistant,0
AGACTCAAGCATCCCG-1-resistant,0
AGATGAATCCAATGCA-1-resistant,0
AGATGCTTCTGCACCT-1-resistant,0
AGCATCAAGGAAGTGA-1-resistant,0
AGCCACGCACATAGCT-1-resistant,0
AGCGCTGTCCACAGGC-1-resistant,0
AGCTCAACATCGGTTA-1-resistant,0
AGCTTCCGTCTAACGT-1-resistant,0
AGGATAAAGGTTGGTG-1-resistant,0
AGGATAATCTCATGGA-1-resistant,0
AGGCTGCCAGCTTTCC-1-resistant,0
AGGCTGCTCGAGAAGC-1-resistant,0
AGGGCCTCAACGCATT-1-resistant,0
AGGGCTCTCATCCTGC-1-resistant,0
AGGGTTTCAGAGATGC-1-resistant,0
AGGTCTAAGTTTCAGC-1-resistant,0
AGTAACCTCGCAGAGA-1-resistant,0
AGTACCATCTACTTCA-1-resistant,0
AGTACTGCAGACGATG-1-resistant,0
AGTTCGACAAGTCCCG-1-resistant,0
ATACTTCGTGCCCGTA-1-resistant,0
ATCACTTTCCACAGGC-1-resistant,0
ATCATTCGTCAGCTTA-1-resistant,0
ATCCATTTCTATTTCG-1-resistant,0
ATCGGATCAGCGACAA-1-resistant,0
ATGAAAGCAGCTGCCA-1-resistant,0
ATGCCTCCAGTCTTCC-1-resistant,0
ATGGAGGGTTAGGGTG-1-resistant,0
ATGGTTGCATGCACTA-1-resistant,0
ATGTCTTAGTACCATC-1-resistant,0
ATGTCTTTCCATCTCG-1-resistant,0
ATTACCTTCACGGTCG-1-resistant,0
ATTATCCTCTGGAGAG-1-resistant,0
ATTCCCGCAAAGAACT-1-resistant,0
ATTCTACCACGCGCAT-1-resistant,0
ATTTACCCATGACACT-1-resistant,0
CAACAACTCAAGATAG-1-resistant,0
CAAGAGGTCTGATGGT-1-resistant,0
CAATACGAGCAACAGC-1-resistant,0
CAATACGTCGGTAACT-1-resistant,0
CAATCGAAGCATAGGC-1-resistant,0
CACAGGCTCTGCGGAC-1-resistant,0
CACGTTCCATCTATCT-1-resistant,0
CACTGAAAGCAGTACG-1-resistant,0
CAGCAATCACGCAAAG-1-resistant,0
CAGCAGCGTTGAATCC-1-resistant,0
CAGCAGCTCCGAGAAG-1-resistant,0
CAGTGCGAGGTGAGAA-1-resistant,0
CATACTTGTGGATCAG-1-resistant,0
CATGCCTGTGTGAATA-1-resistant,0
CATGGTAGTGTGATGG-1-resistant,0
CATTCCGGTCCTTGTC-1-resistant,0
CATTCTACAGGTGAGT-1-resistant,0
CATTGCCGTCCGGATC-1-resistant,0
CCGGACAGTGCCCACA-1-resistant,0
CCGGTGACAACACTAC-1-resistant,0
CCTATCGTCGCGTTTC-1-resistant,0
CCTCACACAATCGCAT-1-resistant,0
CCTCATGCACGTGTGC-1-resistant,0
CCTGTTGCACAAGCCC-1-resistant,0
CCTTCAGCACGGGTAA-1-resistant,0
CCTTCAGGTCCATACA-1-resistant,0
CGAGTGCCAGCAGTAG-1-resistant,0
CGATCGGTCGGTCACG-1-resistant,0
CGATGGCGTCGCACAC-1-resistant,0
CGCAGGTGTAGGAGGG-1-resistant,0
CGCATGGCAGGGTCTC-1-resistant,0
CGCCAGACACAATGTC-1-resistant,0
CGCGTGATCCGAGAAG-1-resistant,0
CGGCAGTCAATTGTGC-1-resistant,0
CGGTCAGCATGGCTGC-1-resistant,0
CGTGATAGTGATATAG-1-resistant,0
CGTTCTGAGCAACAGC-1-resistant,0
CTAACTTCATCATCCC-1-resistant,0
CTAAGTGTCGCACTCT-1-resistant,0
CTAAGTGTCGGCCTTT-1-resistant,0
CTACAGAAGCGAAACC-1-resistant,0
CTAGACAAGGGATCAC-1-resistant,0
CTATCTAAGTCCCAAT-1-resistant,0
CTCAAGATCAGCGGAA-1-resistant,0
CTCACTGGTGGAACAC-1-resistant,0
CTCAGGGCAAACTGCT-1-resistant,0
CTCCAACCAGGGAATC-1-resistant,0
CTCCACACATACGCAT-1-resistant,0
CTCCGATAGGTGCTGA-1-resistant,0
CTGAATGGTATGGAGC-1-resistant,0
CTGAATGGTTGCATCA-1-resistant,0
CTGAGCGCACAAGCTT-1-resistant,0
CTGAGGCCACATCCCT-1-resistant,0
CTGCATCCAGTTAGAA-1-resistant,0
CTGCCATAGAAGCGCT-1-resistant,0
CTGCCTATCAGCCTTC-1-resistant,0
CTGGACGGTATCCCTC-1-resistant,0
CTGGTCTAGTAGTGCG-1-resistant,0
CTGGTCTCAAGCTCTA-1-resistant,0
CTGTAGAAGCATCAAA-1-resistant,0
CTGTATTAGTTTGCTG-1-resistant,0
CTTCCTTAGTCCCGAC-1-resistant,0
CTTTCAAAGCGGATCA-1-resistant,0
GAAGCCCCACAATGCT-1-resistant,0
GAAGCGACATTGAAGA-1-resistant,0
GAAGGACCAAGAGAGA-1-resistant,0
GAATAGACAGGGAGAG-1-resistant,0
GACCGTGTCCAAGCTA-1-resistant,0
GACTATGTCTTCGGAA-1-resistant,0
GACTTCCAGTGCTCAT-1-resistant,0
GAGACTTAGTGGATAT-1-resistant,0
GAGAGGTGTCAAAGAT-1-resistant,0
GAGCTGCAGTTTGGCT-1-resistant,0
GAGTCATTCGCACGGT-1-resistant,0
GAGTCTAAGCACCCAC-1-resistant,0
GATGATCCACAAGCAG-1-resistant,0
GATGATCGTCGGTGTC-1-resistant,0
GATGCTATCTATCCAT-1-resistant,0
GATGTTGAGCCTCGTG-1-resistant,0
GATTCTTCACGAAAGC-1-resistant,0
GCACGGTCAAATCCCA-1-resistant,0
GCACGGTGTATAGGAT-1-resistant,0
GCAGCTGTCACCTGGG-1-resistant,0
GCAGGCTTCACGGACC-1-resistant,0
GCCAACGCATGACAAA-1-resistant,0
GCCAACGGTCTACAGT-1-resistant,0
GCCCGAATCAAGTCGT-1-resistant,0
GCCGTGATCGAACACT-1-resistant,0
GCGTTTCCACCTCTAC-1-resistant,0
GCTACCTTCCTTCAGC-1-resistant,0
GCTGGGTCACTGGATT-1-resistant,0
GGAATCTGTGAATGTA-1-resistant,0
GGAATGGAGTTCTACG-1-resistant,0
GGAATGGCACAGACGA-1-resistant,0
GGAGCAACACCAGCGT-1-resistant,0
GGATCTACACCCTTGT-1-resistant,0
GGGAAGTAGGAGCTGT-1-resistant,0
GGGACAATCGTGTGAT-1-resistant,0
GGGACCTAGGGACCAT-1-resistant,0
GGGCTACGTGCATTTG-1-resistant,0
GGGCTCATCCAAGAGG-1-resistant,0
GGGTATTTCCTCTAGC-1-resistant,0
GGGTGAACACTTCTCG-1-resistant,0
GGGTTTACACAACCGC-1-resistant,0
GGTGATTCAGAGGACT-1-resistant,0
GGTTGTACAAAGACGC-1-resistant,0
GGTTGTATCCAACTGA-1-resistant,0
GTAACACCAGGGTCTC-1-resistant,0
GTAACACTCGAGATGG-1-resistant,0
GTAAGTCCAGGCGTTC-1-resistant,0
GTCAAACGTTCGGCGT-1-resistant,0
GTCATCCCATTGTACG-1-resistant,0
GTCATGATCAACTCTT-1-resistant,0
GTCCCATTCCGAAGGA-1-resistant,0
GTCTCACAGTAGGATT-1-resistant,0
GTCTGTCAGGAAGTAG-1-resistant,0
GTCTGTCTCTTGCGCT-1-resistant,0
GTCTTTACAGGCTACC-1-resistant,0
GTGACGCCACCTTCCA-1-resistant,0
GTGAGCCCATGACGAG-1-resistant,0
GTGCACGCAGTTCACA-1-resistant,0
GTGGAAGCACAGTGAG-1-resistant,0
GTGGGAAAGCATCGAG-1-resistant,0
GTGTAACAGTTGAAGT-1-resistant,0
GTGTGATAGCTCAGAG-1-resistant,0
GTTACAGAGGACTTCT-1-resistant,0
GTTACGACACCGTACG-1-resistant,0
GTTAGACAGATAGTCA-1-resistant,0
GTTAGTGAGCGAGTAC-1-resistant,0
GTTGAACGTTAGGGTG-1-resistant,0
GTTGCTCCATGGGTCC-1-resistant,0
TAAGCACCACGGCGTT-1-resistant,0
TAAGTCGTCCTTACCG-1-resistant,0
TACATTCTCTCACTCG-1-resistant,0
TACCGGGGTATGCAAA-1-resistant,0
TAGAGTCTCATTATCC-1-resistant,0
TAGATCGCAGCCATTA-1-resistant,0
TATCAGGAGCTTAGTC-1-resistant,0
TATCGCCGTACCTATG-1-resistant,0
TATCGCCTCTCACGAA-1-resistant,0
TCAAGCAGTGTGTCGC-1-resistant,0
TCACACCTCTCCGTGT-1-resistant,0
TCACATTGTGACCTGC-1-resistant,0
TCAGGTACATGACAGG-1-resistant,0
TCAGTGACAGCTGTGC-1-resistant,0
TCATACTTCTTAAGGC-1-resistant,0
TCATATCAGCAATTCC-1-resistant,0
TCATCATTCCGTGCGA-1-resistant,0
TCATCCGTCTTAGGAC-1-resistant,0
TCATGAGAGGCACGAT-1-resistant,0
TCCAGAAAGACGGAAA-1-resistant,0
TCCCAGTGTAGTCTGT-1-resistant,0
TCCGAAATCTTGCAGA-1-resistant,0
TCCGATCCAAATCAGA-1-resistant,0
TCCTAATTCACCTCGT-1-resistant,0
TCCTCGAGTATCTCGA-1-resistant,0
TCCTCTTCAGCGTGCT-1-resistant,0
TCGCTCATCACCATGA-1-resistant,0
TCGGATACAGGGCTTC-1-resistant,0
TCGGGCAAGCCGATAG-1-resistant,0
TCGGGTGGTGCATGAG-1-resistant,0
TCGGTCTCACCTGAAT-1-resistant,0
TCGTGCTAGGATCATA-1-resistant,0
TCTATACAGCTGTACT-1-resistant,0
TCTCACGAGATTGACA-1-resistant,0
TCTCAGCAGATTCGAA-1-resistant,0
TCTCCGATCCACCTCA-1-resistant,0
TGACAGTCATTGCTGA-1-resistant,0
TGACCCTCAGACCAAG-1-resistant,0
TGACCCTTCGAAGCCC-1-resistant,0
TGACGCGTCAGATTGC-1-resistant,0
TGAGACTTCGGACGTC-1-resistant,0
TGAGCATGTGGATCGA-1-resistant,0
TGAGGGACATGGACAG-1-resistant,0
TGAGTCAGTATGCTTG-1-resistant,0
TGATGCAGTGGCTACC-1-resistant,0
TGCAGGCTCATTGTTC-1-resistant,0
TGCGACGAGAGGTGCT-1-resistant,0
TGCGGCAAGACCAGCA-1-resistant,0
TGGGAGAAGGACAGCT-1-resistant,0
TGTAACGAGGCCGCTT-1-resistant,0
TGTGAGTGTACGTGAG-1-resistant,0
TGTGATGGTACCCGAC-1-resistant,0
TGTGCGGGTATCATGC-1-resistant,0
TGTTACTCACTACACA-1-resistant,0
TTACAGGTCACGGACC-1-resistant,0
TTACCGCCAAACTGCT-1-resistant,0
TTACGTTTCAAGTGTC-1-resistant,0
TTAGTCTGTTCAAACC-1-resistant,0
TTCGGTCAGCGGGTTA-1-resistant,0
TTCTAACAGGGCAATC-1-resistant,0
TTGATGGTCAGGAGAC-1-resistant,0
TTGGGATCAAAGGCGT-1-resistant,0
TTGTTCAAGAAGCGCT-1-resistant,0
TTGTTCAGTATGAAAC-1-resistant,0
TTTACTGAGGTTTACC-1-resistant,0
TTTACTGTCCGTTGGG-1-resistant,0
TTTCACACAAGCACCC-1-resistant,0
TTTCACAGTACCGTCG-1-resistant,0
TTTCAGTGTCACAGTT-1-resistant,0
TTTCCTCTCGGAGCAA-1-resistant,0
TTTGATCTCCTGGTCT-1-resistant,0
TTTGTTGTCCTCGCAT-1-resistant,0
AAACGAAAGGTCTACT-1-sensitive,1
AAAGAACAGGTACCTT-1-sensitive,1
AAAGGATGTAGCTTTG-1-sensitive,1
AAAGTGAAGTTCGCAT-1-sensitive,1
AAAGTGATCGCATAGT-1-sensitive,1
AACAACCCAAACTCTG-1-sensitive,1
AACAAGATCGACCATA-1-sensitive,1
AACCAACTCTAACACG-1-sensitive,1
AACCACAAGAAGCGGG-1-sensitive,1
AACCACAGTCAGCTTA-1-sensitive,1
AACCCAAAGACAACAT-1-sensitive,1
AACCTGACAATTGAAG-1-sensitive,1
AACCTGATCTACCCAC-1-sensitive,1
AACGAAATCGCTAGCG-1-sensitive,1
AACGGGAGTGTGAGCA-1-sensitive,1
AACGTCAAGGGAGTTC-1-sensitive,1
AACGTCACAGCATCTA-1-sensitive,1
AACGTCATCGTTATCT-1-sensitive,1
AAGACTCAGATAGCTA-1-sensitive,1
AAGATAGCATCATCTT-1-sensitive,1
AAGGAATAGGTCCTGC-1-sensitive,1
AAGTACCAGTCATCGT-1-sensitive,1
AAGTCGTTCCGTGTAA-1-sensitive,1
AAGTTCGGTGTCCACG-1-sensitive,1
AATAGAGAGTTTAGGA-1-sensitive,1
AATCGACTCGGACCAC-1-sensitive,1
AATCGTGTCTGACGCG-1-sensitive,1
AATGACCTCTGCCCTA-1-sensitive,1
AATGGCTCATGAAAGT-1-sensitive,1
AATTTCCAGTGCAGCA-1-sensitive,1
AATTTCCTCCCTCGAT-1-sensitive,1
ACAAAGAGTGCCTGCA-1-sensitive,1
ACACAGTGTACGTGTT-1-sensitive,1
ACACTGACACACAGAG-1-sensitive,1
ACACTGATCTAGTGAC-1-sensitive,1
ACAGAAACAACAAGAT-1-sensitive,1
ACAGAAATCTAGAACC-1-sensitive,1
ACAGGGACAGCTGGTC-1-sensitive,1
ACCAAACTCACTTTGT-1-sensitive,1
ACCATTTTCGATCCAA-1-sensitive,1
ACCCAAACAGGACTAG-1-sensitive,1
ACCCAAAGTAGGCAAC-1-sensitive,1
ACCCTCACAAGTTTGC-1-sensitive,1
ACCCTCACAGTGTGCC-1-sensitive,1
ACCCTCAGTCATTCCC-1-sensitive,1
ACCGTTCAGCTGAGTG-1-sensitive,1
ACCTGTCAGGTGGCTA-1-sensitive,1
ACCTGTCAGTCTTCGA-1-sensitive,1
ACGATCAGTTGGAGGT-1-sensitive,1
ACGGTCGGTAGAGGAA-1-sensitive,1
ACGGTTAGTTCTCCAC-1-sensitive,1
ACGTAACGTCGAAACG-1-sensitive,1
ACGTAGTCAGACGGAT-1-sensitive,1
ACTACGAGTGTGAGCA-1-sensitive,1
ACTACGATCCCAGTGG-1-sensitive,1
ACTCCCATCCCATTCG-1-sensitive,1
ACTGCAATCGAGAGAC-1-sensitive,1
ACTGTCCAGAGTAACT-1-sensitive,1
ACTTATCCAGTAGTTC-1-sensitive,1
ACTTTCAGTCGAGCAA-1-sensitive,1
ACTTTGTCAAAGGGCT-1-sensitive,1
AGAACCTCAAGGAGTC-1-sensitive,1
AGAAGCGAGAGGTTTA-1-sensitive,1
AGAAGCGCACTGGCGT-1-sensitive,1
AGAAGTAGTCTAACGT-1-sensitive,1
AGACACTGTATATGGA-1-sensitive,1
AGACTCATCCATCAGA-1-sensitive,1
AGAGAATAGCTCTGTA-1-sensitive,1
AGAGAATGTACTCCGG-1-sensitive,1
AGAGAGCAGATCACCT-1-sensitive,1
AGAGCAGGTGTTGAGG-1-sensitive,1
AGAGCAGTCCTCACCA-1-sensitive,1
AGATAGAAGGAGTATT-1-sensitive,1
AGATAGAAGGCGAACT-1-sensitive,1
AGCCAATCACGACGAA-1-sensitive,1
AGCCAATGTTAAGACA-1-sensitive,1
AGCCACGAGTCAATCC-1-sensitive,1
AGCGCCACAGCTAACT-1-sensitive,1
AGCGCCATCGCAACAT-1-sensitive,1
AGCGCTGCAACTCCAA-1-sensitive,1
AGCTACAAGGAACGCT-1-sensitive,1
AGGAATAAGACTAAGT-1-sensitive,1
AGGATAACACCTATCC-1-sensitive,1
AGGATAAGTGACACAG-1-sensitive,1
AGGATCTAGATTGATG-1-sensitive,1
AGGCATTCACGAAGAC-1-sensitive,1
AGGCCACGTCCTCAGG-1-sensitive,1
AGGCTGCTCGACATTG-1-sensitive,1
AGGGCTCGTGGGAGAG-1-sensitive,1
AGGGCTCGTTCGAAGG-1-sensitive,1
AGGGCTCTCAAGCCGC-1-sensitive,1
AGGGTGACAACGTAAA-1-sensitive,1
AGGGTGACACTGTGTA-1-sensitive,1
AGGTAGGTCCTCACTG-1-sensitive,1
AGGTCATGTACCCGCA-1-sensitive,1
AGGTCTATCCCTCTCC-1-sensitive,1
AGGTTACCATGCTGCG-1-sensitive,1
AGGTTGTTCGGTTAGT-1-sensitive,1
AGTAACCAGCTATCTG-1-sensitive,1
AGTAACCCATTGTCGA-1-sensitive,1
AGTAGCTAGACCGTTT-1-sensitive,1
AGTAGCTTCTGAGGCC-1-sensitive,1
AGTAGCTTCTTACCGC-1-sensitive,1
AGTAGTCCATACTGTG-1-sensitive,1
AGTCTCCTCATAAGGA-1-sensitive,1
AGTGACTTCGCTATTT-1-sensitive,1
AGTGATCCACGGCACT-1-sensitive,1
AGTGCCGCAAATCAGA-1-sensitive,1
AGTGCCGTCGGCTGAC-1-sensitive,1
AGTGTTGGTACCGGCT-1-sensitive,1
AGTTCCCTCGCCAACG-1-sensitive,1
ATACCGAGTGTTAGCT-1-sensitive,1
ATACCTTCATCAGTCA-1-sensitive,1
ATACCTTGTAGCTGTT-1-sensitive,1
ATACCTTTCAGTCCGG-1-sensitive,1
ATAGACCAGGTCCAGA-1-sensitive,1
ATAGACCAGTACCCTA-1-sensitive,1
ATAGACCAGTCCCTAA-1-sensitive,1
ATAGGCTGTCGCTGCA-1-sensitive,1
ATATCCTGTCTAGGCC-1-sensitive,1
ATCACAGGTAAGGTCG-1-sensitive,1
ATCATTCAGAGGTCAC-1-sensitive,1
ATCATTCAGGACAGCT-1-sensitive,1
ATCATTCTCCCTCTAG-1-sensitive,1
ATCCACCGTTGGTACT-1-sensitive,1
ATCCATTCAAGTACCT-1-sensitive,1
ATCCATTCAATACGCT-1-sensitive,1
ATCCATTGTGATTAGA-1-sensitive,1
ATCCCTGAGCCTTCTC-1-sensitive,1
ATCGATGTCTCATTGT-1-sensitive,1
ATCGATGTCTTGGTGA-1-sensitive,1
ATCGGCGCACAAAGTA-1-sensitive,1
ATCGGCGTCGAGAGCA-1-sensitive,1
ATCGTAGAGGTAAGGA-1-sensitive,1
ATCTCTAGTCACAGTT-1-sensitive,1
ATCTCTAGTTGGTACT-1-sensitive,1
ATGAGTCTCGTGGTAT-1-sensitive,1
ATGATCGCAGCATGCC-1-sensitive,1
ATGCATGAGCCTATTG-1-sensitive,1
ATGCATGCAGGCGAAT-1-sensitive,1
ATGCGATAGACTTCCA-1-sensitive,1
ATGGAGGCAACCGTAT-1-sensitive,1
ATGGATCAGAGCCCAA-1-sensitive,1
ATGGATCCACCATAAC-1-sensitive,1
ATGGATCCAGCTACTA-1-sensitive,1
ATGGATCGTTATGGTC-1-sensitive,1
ATGGGAGCAGACGATG-1-sensitive,1
ATGGGAGTCGTTCGCT-1-sensitive,1
ATGGGTTTCTCCATAT-1-sensitive,1
ATGGTTGAGTAGGAAG-1-sensitive,1
ATGTCCCAGTGCACAG-1-sensitive,1
ATGTCCCTCGAGAAAT-1-sensitive,1
ATGTCTTCAATTGCAC-1-sensitive,1
ATGTCTTTCAAACCTG-1-sensitive,1
ATTACTCGTAACGTTC-1-sensitive,1
ATTACTCTCACCGGTG-1-sensitive,1
ATTCACTTCTACACTT-1-sensitive,1
ATTCAGGCACGGTAGA-1-sensitive,1
ATTCCTAAGGCAGGGA-1-sensitive,1
ATTCGTTAGAAACTCA-1-sensitive,1
ATTCGTTCAGGTTCAT-1-sensitive,1
ATTCGTTTCTCGGTCT-1-sensitive,1
ATTCTACGTTCTCAGA-1-sensitive,1
ATTCTTGCAAAGCTAA-1-sensitive,1
ATTCTTGCACATACGT-1-sensitive,1
ATTTACCGTCTTCAAG-1-sensitive,1
CAACAGTGTCGCGTTG-1-sensitive,1
CAACCAACATAGAAAC-1-sensitive,1
CAACCTCAGGCATCAG-1-sensitive,1
CAACGATAGGATACGC-1-sensitive,1
CAACGGCGTCGTTCAA-1-sensitive,1
CAACGGCGTTTCGGCG-1-sensitive,1
CAAGACTGTGTGGTCC-1-sensitive,1
CAAGGGAAGGATGGCT-1-sensitive,1
CAATACGCAACTCATG-1-sensitive,1
CAATCGACATCGAAGG-1-sensitive,1
CAATGACCAACCGTGC-1-sensitive,1
CACAACAGTTCCAAAC-1-sensitive,1
CACAGGCAGTCTAACC-1-sensitive,1
CACATGAAGGTCCCTG-1-sensitive,1
CACCAAAAGCATCAAA-1-sensitive,1
CACCAAAGTGCCGTAC-1-sensitive,1
CACGGGTTCTGTAAGC-1-sensitive,1
CACGTGGTCCCTCTTT-1-sensitive,1
CACGTTCTCGTTGTTT-1-sensitive,1
CACTAAGTCTGAGTCA-1-sensitive,1
CACTAAGTCTGCATGA-1-sensitive,1
CACTGGGCAATTAGGA-1-sensitive,1
CAGAGCCGTCCACGCA-1-sensitive,1
CAGAGCCTCATTTACC-1-sensitive,1
CAGATACAGACTAGAT-1-sensitive,1
CAGATACTCTAGTACG-1-sensitive,1
CAGCAGCCATCGAAGG-1-sensitive,1
CAGCAGCGTGATACTC-1-sensitive,1
CAGCCAGGTCAAGGCA-1-sensitive,1
CAGCGTGGTCAGCGTC-1-sensitive,1
CAGGCCAGTATTCCTT-1-sensitive,1
CAGGCCATCGCCTCTA-1-sensitive,1
CAGGGCTGTCTTACTT-1-sensitive,1
CAGTTAGAGGTGATCG-1-sensitive,1
CATAAGCTCCACCTGT-1-sensitive,1
CATACAGGTGATTCAC-1-sensitive,1
CATACCCAGGCAGGTT-1-sensitive,1
CATACTTGTACAGTAA-1-sensitive,1
CATACTTTCGAGTCTA-1-sensitive,1
CATCAAGGTCCAGCAC-1-sensitive,1
CATCGGGCATTGCAAC-1-sensitive,1
CATCGTCTCGAGATGG-1-sensitive,1
CATGAGTCACATTCGA-1-sensitive,1
CATGAGTGTCTTAGTG-1-sensitive,1
CATGCTCGTATGAAGT-1-sensitive,1
CATGGATCACTCCTGT-1-sensitive,1
CATGGATGTGCCTGCA-1-sensitive,1
CATGGTAGTTCTTCAT-1-sensitive,1
CATTCATTCACCGGGT-1-sensitive,1
CATTCCGTCCGTAGGC-1-sensitive,1
CATTGAGAGGGAGTTC-1-sensitive,1
CATTGAGTCGGTGTAT-1-sensitive,1
CATTGTTAGGCTGGAT-1-sensitive,1
CCAATTTCAGCGTGAA-1-sensitive,1
CCACGAGAGTTACTCG-1-sensitive,1
CCACGTTCATAAGATG-1-sensitive,1
CCATAAGAGGGCTGAT-1-sensitive,1
CCATCACGTCTGCGCA-1-sensitive,1
CCATCACTCGCGATCG-1-sensitive,1
CCCAACTCAATAGAGT-1-sensitive,1
CCCAACTGTGTCGCTG-1-sensitive,1
CCCGAAGTCGCCAATA-1-sensitive,1
CCCGGAAAGATTCGCT-1-sensitive,1
CCCGGAAGTTTCTTAC-1-sensitive,1
CCCTAACAGCTTACGT-1-sensitive,1
CCCTCAATCAAAGACA-1-sensitive,1
CCCTTAGAGCATTTGC-1-sensitive,1
CCGGACACAAGTATAG-1-sensitive,1
CCGGGTAAGGCCTGAA-1-sensitive,1
CCGGGTACATGTGACT-1-sensitive,1
CCGGTAGGTTAAAGTG-1-sensitive,1
CCGGTGACACGTCATA-1-sensitive,1
CCGTTCAGTGACTCGC-1-sensitive,1
CCGTTCATCCACTGAA-1-sensitive,1
CCTAACCTCACTTCTA-1-sensitive,1
CCTAAGAAGACCAGAC-1-sensitive,1
CCTACGTAGTTTGGCT-1-sensitive,1
CCTACGTTCTCCGATC-1-sensitive,1
CCTCAACCACCTGCGA-1-sensitive,1
CCTCAACGTCCACGCA-1-sensitive,1
CCTCAACGTCTACGAT-1-sensitive,1
CCTCACAAGATCGACG-1-sensitive,1
CCTCACACATATCGGT-1-sensitive,1
CCTCAGTAGAGGACTC-1-sensitive,1
CCTCAGTTCCCTCTAG-1-sensitive,1
CCTCCAAAGGCCTGCT-1-sensitive,1
CCTCCAACAAGGTTGG-1-sensitive,1
CCTCCTCCAAAGGAGA-1-sensitive,1
CCTCCTCTCCAGTGTA-1-sensitive,1
CCTCCTCTCGTTCTGC-1-sensitive,1
CCTCTAGTCGCGTGAC-1-sensitive,1
CCTTCAGAGGTTTGAA-1-sensitive,1
CCTTTGGTCATCACAG-1-sensitive,1
CGAATTGGTCGACTTA-1-sensitive,1
CGAGGAAAGGGAACAA-1-sensitive,1
CGAGGAAGTGAATTAG-1-sensitive,1
CGAGGAAGTTTCGCTC-1-sensitive,1
CGATGCGAGCATGCGA-1-sensitive,1
CGATGGCGTCGCACGT-1-sensitive,1
CGCATAAGTACTCGTA-1-sensitive,1
CGCCAGAAGTAAGCAT-1-sensitive,1
CGCCAGACATAACCCA-1-sensitive,1
CGCCATTTCTAGGCAT-1-sensitive,1
CGCGTGATCATCACAG-1-sensitive,1
CGGAACCGTACGGCAA-1-sensitive,1
CGGAACCTCCCTTTGG-1-sensitive,1
CGGAATTAGTTGGCTT-1-sensitive,1
CGGACACGTTAAGAAC-1-sensitive,1
CGGAGAAGTAACAAGT-1-sensitive,1
CGGAGAATCGCAATTG-1-sensitive,1
CGGAGAATCTAGAGCT-1-sensitive,1
CGGGCATTCCCATTCG-1-sensitive,1
CGGGTGTTCTTACGGA-1-sensitive,1
CGTAATGGTAGAATGT-1-sensitive,1
CGTAGTAAGCAGAAAG-1-sensitive,1
CGTAGTAGTCGCTTGG-1-sensitive,1
CGTCCATAGTAAACTG-1-sensitive,1
CGTGAATTCGACTCCT-1-sensitive,1
CGTGATACACTACCCT-1-sensitive,1
CGTGCTTAGTAGTCTC-1-sensitive,1
CGTTCTGAGGCGCTTC-1-sensitive,1
CTAACTTAGGGAGTGG-1-sensitive,1
CTACAGAGTACTGTTG-1-sensitive,1
CTACATTAGTATGGAT-1-sensitive,1
CTACCCACAACGATCT-1-sensitive,1
CTACCTGAGGTTTACC-1-sensitive,1
CTACCTGGTCACCACG-1-sensitive,1
CTACTATAGCGCTGCT-1-sensitive,1
CTACTATCAATACAGA-1-sensitive,1
CTACTATTCCACAAGT-1-sensitive,1
CTAGACAAGGTATAGT-1-sensitive,1
CTCAAGAAGTGGATTA-1-sensitive,1
CTCAATTGTAACACCT-1-sensitive,1
CTCACTGCAGGATTCT-1-sensitive,1
CTCAGAAGTCACCACG-1-sensitive,1
CTCAGGGAGCAACCAG-1-sensitive,1
CTCAGGGAGCATGAAT-1-sensitive,1
CTCAGTCTCTTGCAGA-1-sensitive,1
CTCATGCGTTCTTGTT-1-sensitive,1
CTCATTATCTGATGGT-1-sensitive,1
CTCCAACGTACAGTAA-1-sensitive,1
CTCCAACTCGGAGTAG-1-sensitive,1
CTCCACACACAGTCCG-1-sensitive,1
CTCCATGTCCTACGAA-1-sensitive,1
CTCCATGTCTCATTTG-1-sensitive,1
CTCCCAATCATTACGG-1-sensitive,1
CTCCTCCCAATACCCA-1-sensitive,1
CTCTCGAGTCTCGCGA-1-sensitive,1
CTGAATGTCTGGTCAA-1-sensitive,1
CTGAGCGTCAACTACG-1-sensitive,1
CTGATCCTCACTTATC-1-sensitive,1
CTGCAGGTCAAGAGTA-1-sensitive,1
CTGCCATGTCGCATGC-1-sensitive,1
CTGGTCTGTTCGGCGT-1-sensitive,1
CTGTACCAGCATCAAA-1-sensitive,1
CTGTAGAAGGTAAGTT-1-sensitive,1
CTGTAGACACGTTCGG-1-sensitive,1
CTGTATTCAATCGAAA-1-sensitive,1
CTGTGAATCAAGTGGG-1-sensitive,1
CTGTGGGTCGACGTCG-1-sensitive,1
CTTACCGAGCACCCAC-1-sensitive,1
CTTAGGATCTCCGAAA-1-sensitive,1
CTTCAATAGAGTCCGA-1-sensitive,1
CTTCGGTTCTGCAGCG-1-sensitive,1
CTTCTAAGTACCGGCT-1-sensitive,1
CTTCTCTAGCTTTCTT-1-sensitive,1
GAAACCTGTTCTAACG-1-sensitive,1
GAAATGACAAAGGAGA-1-sensitive,1
GAAATGAGTCCGAAAG-1-sensitive,1
GAAATGATCGCTAGCG-1-sensitive,1
GAACACTCAAGTATCC-1-sensitive,1
GAACACTTCAAACGTC-1-sensitive,1
GAAGAATGTAGACGTG-1-sensitive,1
GAAGCGAAGGTAGTAT-1-sensitive,1
GAAGGGTTCTCATAGG-1-sensitive,1
GAAGTAATCATATGGC-1-sensitive,1
GAATAGACAGGCAATG-1-sensitive,1
GAATCGTCAGTACTAC-1-sensitive,1
GACACGCTCGATACTG-1-sensitive,1
GACAGCCTCATCTATC-1-sensitive,1
GACATCACAATGTGGG-1-sensitive,1
GACCAATAGAGCCGTA-1-sensitive,1
GACCAATTCTTTGATC-1-sensitive,1
GACCCAGAGGCATCTT-1-sensitive,1
GACCCAGTCTACTCAT-1-sensitive,1
GACCCTTGTTGCATGT-1-sensitive,1
GACGCTGTCTACCCAC-1-sensitive,1
GACTATGCATCGAGCC-1-sensitive,1
GACTCAAAGACGAAGA-1-sensitive,1
GACTCAACACTGGACC-1-sensitive,1
GACTCTCGTGTTCCAA-1-sensitive,1
GAGACTTAGCAGAAAG-1-sensitive,1
GAGATGGGTAGCTTTG-1-sensitive,1
GAGCTGCAGCACACAG-1-sensitive,1
GAGCTGCGTCGGATTT-1-sensitive,1
GAGGCAATCGTGTGGC-1-sensitive,1
GAGGGATAGTGAACAT-1-sensitive,1
GAGGGTAAGATCCCGC-1-sensitive,1
GAGGGTACAGACAAAT-1-sensitive,1
GAGTCTACAGCTAACT-1-sensitive,1
GAGTCTAGTCTCTCCA-1-sensitive,1
GAGTGAGCACGGATCC-1-sensitive,1
GAGTGAGGTCTAGATC-1-sensitive,1
GAGTGAGGTGGTCTAT-1-sensitive,1
GAGTTGTGTACACTCA-1-sensitive,1
GAGTTTGAGGAAAGGT-1-sensitive,1
GATAGAACATTACGGT-1-sensitive,1
GATAGAATCCTGTTAT-1-sensitive,1
GATAGCTAGTCTAGAA-1-sensitive,1
GATCACACAGACCGCT-1-sensitive,1
GATCGTAAGCGTTAGG-1-sensitive,1
GATCGTACAAAGAGTT-1-sensitive,1
GATCGTACAGGGTCTC-1-sensitive,1
GATGACTTCTGGTGGC-1-sensitive,1
GATGATCTCTTCTTCC-1-sensitive,1
GATGCTAAGAGCGACT-1-sensitive,1
GATGGAGGTAGAAACT-1-sensitive,1
GATGTTGGTTCAGCGC-1-sensitive,1
GATTCGAGTCTGTCCT-1-sensitive,1
GATTTCTAGGAAAGGT-1-sensitive,1
GCAACATCAACCGCCA-1-sensitive,1
GCACATACAGACCCGT-1-sensitive,1
GCACTAAAGCCTCTGG-1-sensitive,1
GCACTAACATTCCTAT-1-sensitive,1
GCACTAATCGGTGTTA-1-sensitive,1
GCAGCTGGTATCTTCT-1-sensitive,1
GCAGTTATCAAGTGGG-1-sensitive,1
GCAGTTATCGCTTTAT-1-sensitive,1
GCCAGGTTCGACCATA-1-sensitive,1
GCCAGTGCATATGGCT-1-sensitive,1
GCCATGGCATAAGCGG-1-sensitive,1
GCCATGGTCTTCGTGC-1-sensitive,1
GCCATTCCAGTCGAGA-1-sensitive,1
GCCCAGAAGATCGGTG-1-sensitive,1
GCCCGAATCACCCTTG-1-sensitive,1
GCCCGAATCATTGTGG-1-sensitive,1
GCCGTGACAAGCCCAC-1-sensitive,1
GCCTGTTCATCAGCAT-1-sensitive,1
GCGGATCGTTAATCGC-1-sensitive,1
GCGTGCATCGCGTGAC-1-sensitive,1
GCTGAATTCCCTGTTG-1-sensitive,1
GCTGCAGAGCAACCAG-1-sensitive,1
GCTTGGGGTAGGAGGG-1-sensitive,1
GCTTTCGAGGCTTAGG-1-sensitive,1
GGAACCCTCACTGATG-1-sensitive,1
GGAAGTGCAACCGCTG-1-sensitive,1
GGAAGTGCATGAGATA-1-sensitive,1
GGAATCTTCGGACAAG-1-sensitive,1
GGAGGATGTCGAACGA-1-sensitive,1
GGATGTTAGTAGCTCT-1-sensitive,1
GGCAGTCTCCTACGAA-1-sensitive,1
GGCGTCAAGGTTGTTC-1-sensitive,1
GGCTGTGAGAATCTAG-1-sensitive,1
GGCTTTCCAATTGCAC-1-sensitive,1
GGGAAGTAGGCTCACC-1-sensitive,1
GGGAAGTCATGGATCT-1-sensitive,1
GGGACAACACGGATCC-1-sensitive,1
GGGACCTAGATGCTTC-1-sensitive,1
GGGATCCAGCGAGTCA-1-sensitive,1
GGGATGAAGCAGTACG-1-sensitive,1
GGGATGAAGGCTCACC-1-sensitive,1
GGGATGACAATGAACA-1-sensitive,1
GGGATGATCGCTGACG-1-sensitive,1
GGGATGATCTTGGTCC-1-sensitive,1
GGGCCATCACCTAAAC-1-sensitive,1
GGGTAGAGTTAGAGTA-1-sensitive,1
GGGTATTAGCGAGAAA-1-sensitive,1
GGGTGTCCAAGTACCT-1-sensitive,1
GGTAATCAGCGATGCA-1-sensitive,1
GGTCTGGAGCGCATCC-1-sensitive,1
GGTCTGGGTTGGCCGT-1-sensitive,1
GGTGTCGCAACCCTAA-1-sensitive,1
GGTTCTCGTACCCACG-1-sensitive,1
GTAACACAGCATAGGC-1-sensitive,1
GTAACACCACAGGATG-1-sensitive,1
GTAATCGGTCCGATCG-1-sensitive,1
GTAATGCCACGCTGAC-1-sensitive,1
GTAATGCCATGACTCA-1-sensitive,1
GTAGGAGAGGTCTACT-1-sensitive,1
GTATTGGCAAGAATGT-1-sensitive,1
GTATTTCAGCGAGAAA-1-sensitive,1
GTCAAACTCTGCGGGT-1-sensitive,1
GTCAGCGAGTAGAATC-1-sensitive,1
GTCATCCCACCTTCGT-1-sensitive,1
GTCATTTAGGAAGTCC-1-sensitive,1
GTCATTTCAACCTATG-1-sensitive,1
GTCCACTCAGCAGATG-1-sensitive,1
GTCCCATCAATGTCTG-1-sensitive,1
GTCCCATTCGTCAAAC-1-sensitive,1
GTCGAATGTGGCATCC-1-sensitive,1
GTCGAATTCTGTTCAT-1-sensitive,1
GTCGTTCTCCTTCACG-1-sensitive,1
GTCTCACGTAATGCTC-1-sensitive,1
GTCTGTCCATAATCGC-1-sensitive,1
GTCTTTAGTTGCTCGG-1-sensitive,1
GTGAGCCCAGTTTCAG-1-sensitive,1
GTGCACGGTGCTCTCT-1-sensitive,1
GTGCGTGTCCTCTGCA-1-sensitive,1
GTGCTGGAGAACAAGG-1-sensitive,1
GTGCTTCAGGCGATAC-1-sensitive,1
GTGCTTCGTTCATCGA-1-sensitive,1
GTGGAGACACAAACGG-1-sensitive,1
GTGGCGTAGAGTTCGG-1-sensitive,1
GTGGGAATCCGGCAAC-1-sensitive,1
GTGTAACTCAAACCTG-1-sensitive,1
GTGTAACTCGCTTAAG-1-sensitive,1
GTGTCCTAGCGTGCCT-1-sensitive,1
GTGTCCTAGTGCACTT-1-sensitive,1
GTGTCCTCAAGCACAG-1-sensitive,1
GTGTCCTTCCCAGGCA-1-sensitive,1
GTGTGATCAAGCTGCC-1-sensitive,1
GTTACCCCACTGGAAG-1-sensitive,1
GTTACCCTCCACACAA-1-sensitive,1
GTTAGACGTTCAAACC-1-sensitive,1
GTTAGACTCCCAGCGA-1-sensitive,1
GTTCATTAGTAAACAC-1-sensitive,1
GTTCATTTCAAGTCTG-1-sensitive,1
GTTCCGTCAGCTCCTT-1-sensitive,1
GTTCGCTGTTCTCTAT-1-sensitive,1
GTTCGCTGTTGACGGA-1-sensitive,1
GTTGTAGCACAATTCG-1-sensitive,1
GTTGTAGCAGGTCAGA-1-sensitive,1
GTTGTGAGTTTGATCG-1-sensitive,1
GTTTGGATCACAAGAA-1-sensitive,1
TAACCAGGTTTCCATT-1-sensitive,1
TAACCAGTCCTGTTAT-1-sensitive,1
TAACCAGTCTTAGTTC-1-sensitive,1
TAAGTCGGTGGTCAAG-1-sensitive,1
TAAGTCGGTTGGAGAC-1-sensitive,1
TAAGTCGTCGCTTAAG-1-sensitive,1
TAATCTCCATACCAGT-1-sensitive,1
TACAACGGTATTTCGG-1-sensitive,1
TACAGGTTCCGAAGGA-1-sensitive,1
TACATTCTCCGTTGGG-1-sensitive,1
TACCCACGTCGCTCGA-1-sensitive,1
TACCCGTGTTCGGCGT-1-sensitive,1
TACCGAAGTTGTCCCT-1-sensitive,1
TACCTCGAGATCGCTT-1-sensitive,1
TACCTCGGTAGTTACC-1-sensitive,1
TACCTCGTCAACGAGG-1-sensitive,1
TACGCTCAGTCTGGTT-1-sensitive,1
TACGGGCAGAGGTTTA-1-sensitive,1
TACGGTAGTCCCTCAT-1-sensitive,1
TACGTCCCACGCTGAC-1-sensitive,1
TACTGCCCAGCTGTAT-1-sensitive,1
TACTTCAGTACGTACT-1-sensitive,1
TACTTCAGTCGGCCTA-1-sensitive,1
TAGACCAGTCGCAGTC-1-sensitive,1
TAGCACACAAGTGGAC-1-sensitive,1
TAGGGTTTCGTAACCA-1-sensitive,1
TAGGTACCATTCATCT-1-sensitive,1
TAGGTACTCTGCAGCG-1-sensitive,1
TAGTGCAGTCATTCCC-1-sensitive,1
TATACCTTCCGAGAAG-1-sensitive,1
TATATCCAGTGAGGCT-1-sensitive,1
TATCAGGAGAGGTATT-1-sensitive,1
TATCTGTAGTTGCTGT-1-sensitive,1
TATGTTCAGCAGTACG-1-sensitive,1
TATTGCTGTAACCCTA-1-sensitive,1
TATTGGGCACACAGCC-1-sensitive,1
TATTGGGCAGGAGACT-1-sensitive,1
TATTGGGCATAGGTAA-1-sensitive,1
TATTGGGTCATTCGTT-1-sensitive,1
TCAAGTGTCGAGGCAA-1-sensitive,1
TCACACCAGCCGCTTG-1-sensitive,1
TCACGCTAGACTTGTC-1-sensitive,1
TCAGGGCAGCGAAACC-1-sensitive,1
TCAGGGCCATGATCTG-1-sensitive,1
TCAGGTAGTACAGTAA-1-sensitive,1
TCAGTCCAGTGCTCAT-1-sensitive,1
TCAGTTTAGTAAGGGA-1-sensitive,1
TCAGTTTCACTAGAGG-1-sensitive,1
TCAGTTTTCTACCCAC-1-sensitive,1
TCATACTTCTTTCCAA-1-sensitive,1
TCATCATCATCCTAAG-1-sensitive,1
TCATCATGTGGTATGG-1-sensitive,1
TCATCATGTTAGAAAC-1-sensitive,1
TCATCCGTCGCTGATA-1-sensitive,1
TCATGAGCAATAACCC-1-sensitive,1
TCATGCCAGGTAGATT-1-sensitive,1
TCATGCCTCAGCTCTC-1-sensitive,1
TCATGGACAATGAACA-1-sensitive,1
TCATTACTCTCAACGA-1-sensitive,1
TCATTCACAAATGCGG-1-sensitive,1
TCCATCGTCACTACTT-1-sensitive,1
TCCCAGTTCACTTCTA-1-sensitive,1
TCCCATGTCTGTTCAT-1-sensitive,1
TCCTAATGTGAGTTTC-1-sensitive,1
TCCTCCCGTCTTCCGT-1-sensitive,1
TCCTCGATCAACGAGG-1-sensitive,1
TCCTCTTGTGTAAATG-1-sensitive,1
TCCTTCTGTGTGATGG-1-sensitive,1
TCCTTTCAGATGCTGG-1-sensitive,1
TCCTTTCTCCTTTAGT-1-sensitive,1
TCGACCTCATCATCCC-1-sensitive,1
TCGACCTGTGTTCGAT-1-sensitive,1
TCGATTTCAGGTGAGT-1-sensitive,1
TCGCACTCAGGTATGG-1-sensitive,1
TCGCAGGCATGACACT-1-sensitive,1
TCGCAGGGTATCGCAT-1-sensitive,1
TCGCTCACACTTGTGA-1-sensitive,1
TCGGATATCCTCACCA-1-sensitive,1
TCGGGACAGCCTGTGC-1-sensitive,1
TCGGTCTAGTAGCATA-1-sensitive,1
TCGGTCTCAAATTGGA-1-sensitive,1
TCTACCGCAACACTAC-1-sensitive,1
TCTATCATCCACGGGT-1-sensitive,1
TCTCTGGAGCAACCAG-1-sensitive,1
TCTCTGGAGGTTTACC-1-sensitive,1
TCTGCCAGTATGAGAT-1-sensitive,1
TCTGGCTAGGCCTGAA-1-sensitive,1
TCTGGCTTCTCCTGTG-1-sensitive,1
TCTTAGTTCCATCGTC-1-sensitive,1
TCTTCCTTCCTCTAGC-1-sensitive,1
TCTTTGATCGCGATCG-1-sensitive,1
TGAACGTGTGACACGA-1-sensitive,1
TGAATGCGTACCGGAA-1-sensitive,1
TGACCCTTCCTTCAGC-1-sensitive,1
TGACTCCAGGTGAGCT-1-sensitive,1
TGACTCCAGTTCATCG-1-sensitive,1
TGAGCGCAGACCCTTA-1-sensitive,1
TGAGCGCCATCCTATT-1-sensitive,1
TGAGGAGCAAAGCGTG-1-sensitive,1
TGAGGTTTCGAAGCAG-1-sensitive,1
TGATCTTCATAGGTTC-1-sensitive,1
TGATGCAAGTACGTCT-1-sensitive,1
TGATGCACACCTGCAG-1-sensitive,1
TGATGGTCAACTGCCG-1-sensitive,1
TGATGGTGTGAGAACC-1-sensitive,1
TGCACGGAGTGTAGAT-1-sensitive,1
TGCAGTATCGCGCCAA-1-sensitive,1
TGCATCCCACCCTCTA-1-sensitive,1
TGCATCCGTGTACATC-1-sensitive,1
TGCATGACAAACAGGC-1-sensitive,1
TGCATGAGTGAGTAAT-1-sensitive,1
TGCCGAGGTTGAAGTA-1-sensitive,1
TGCGACGTCGACGAGA-1-sensitive,1
TGCGACGTCGACGTCG-1-sensitive,1
TGCGATAAGCCAGACA-1-sensitive,1
TGCGGCAAGGTACTGG-1-sensitive,1
TGCGGCACAATAGTCC-1-sensitive,1
TGCTGAAAGCTAGCCC-1-sensitive,1
TGCTGAATCCGCGATG-1-sensitive,1
TGCTTGCAGGCAGTCA-1-sensitive,1
TGCTTGCCAGAGAGGG-1-sensitive,1
TGCTTGCGTCCCGTGA-1-sensitive,1
TGGAGGAAGGTAGTAT-1-sensitive,1
TGGAGGATCCTTCAGC-1-sensitive,1
TGGGAAGGTGGAAATT-1-sensitive,1
TGGGAGACATCAGTGT-1-sensitive,1
TGGGATTCAACGTATC-1-sensitive,1
TGGGCTGCAGCAGGAT-1-sensitive,1
TGGGTTACAATCGCCG-1-sensitive,1
TGGTACATCGTGTGGC-1-sensitive,1
TGGTAGTTCTAGTGTG-1-sensitive,1
TGGTGATGTACTCAAC-1-sensitive,1
TGGTTAGGTCAACCTA-1-sensitive,1
TGTAAGCGTGTCCGGT-1-sensitive,1
TGTAAGCTCCAGCAAT-1-sensitive,1
TGTACAGGTGAGATTA-1-sensitive,1
TGTACAGTCGCTAAAC-1-sensitive,1
TGTGGCGGTCACCGCA-1-sensitive,1
TGTGTGAAGACTAAGT-1-sensitive,1
TGTGTGAGTTCTCCCA-1-sensitive,1
TGTTACTCAATGGGTG-1-sensitive,1
TGTTCCGGTAAGTAGT-1-sensitive,1
TGTTCTAGTGCATGAG-1-sensitive,1
TGTTCTATCCCATAGA-1-sensitive,1
TGTTGAGAGTCGCCAC-1-sensitive,1
TGTTGAGCACAGCATT-1-sensitive,1
TTACAGGAGTGAATAC-1-sensitive,1
TTACTGTGTATTGACC-1-sensitive,1
TTAGTCTTCTGCTTAT-1-sensitive,1
TTCATGTAGTCACTGT-1-sensitive,1
TTCCAATAGCTGACTT-1-sensitive,1
TTCCGGTAGGGCTTCC-1-sensitive,1
TTCCGGTGTTCGGACC-1-sensitive,1
TTCCTTCTCAACTTTC-1-sensitive,1
TTCGCTGGTTAATGAG-1-sensitive,1
TTCGGTCTCCACACCT-1-sensitive,1
TTCTAACAGGCACGAT-1-sensitive,1
TTCTAGTGTCTCTCCA-1-sensitive,1
TTCTCTCCATGGCTGC-1-sensitive,1
TTCTGTATCGCGTGAC-1-sensitive,1
TTCTTGAAGTGGGAAA-1-sensitive,1
TTCTTGATCCTCTAAT-1-sensitive,1
TTGCTGCTCGATGCAT-1-sensitive,1
TTGGATGTCCCAGGCA-1-sensitive,1
TTGGGCGGTGAGACCA-1-sensitive,1
TTGTGGAAGTCATGAA-1-sensitive,1
TTGTGGAGTATGCAAA-1-sensitive,1
TTGTGGATCCTTCACG-1-sensitive,1
TTGTGTTCACCGCTGA-1-sensitive,1
TTGTTCACAGTTCCAA-1-sensitive,1
TTGTTGTGTTCTCCTG-1-sensitive,1
TTTACCACAATTCACG-1-sensitive,1
TTTACTGAGGCAGGGA-1-sensitive,1
TTTAGTCAGTGAATAC-1-sensitive,1
TTTAGTCCAGCTACCG-1-sensitive,1
TTTAGTCGTCCACAGC-1-sensitive,1
TTTAGTCGTGCTCTCT-1-sensitive,1
TTTATGCCAAATGCTC-1-sensitive,1
TTTATGCGTCTACGAT-1-sensitive,1
TTTCACACATTCGATG-1-sensitive,1
TTTCATGAGGTCATTC-1-sensitive,1
TTTCGATGTCTTGCTC-1-sensitive,1
TTTGACTGTAGTTACC-1-sensitive,1
TTTGACTTCCGGTAAT-1-sensitive,1
TTTGATCTCTATGCCC-1-sensitive,1
TTTGGAGCATGATAGA-1-sensitive,1
