drug	dataset
Cisplatin	GSE138267
Cisplatin	GSE117872_HN120
Cisplatin	GSE117872_HN137
Paclitaxel	GSE163836_FCIBC02
Paclitaxel	GSE131984
Ibrutinib	GSE111014_CLL
Dabrafenib	GSE164614
Olaparib	GSE223003_Kuramochi
Vorinostat	JHU006
Etoposide	GSE149383_PC9
Erlotinib	GSE149383_PC9
Erlotinib	GSE149214_D11_PC9
Docetaxel	GSE140440_DU145
Docetaxel	GSE140440_PC3
Sorafenib	GSE175716_HCC
Sorafenib	SCC47
Gefitinib	GSE162045_PC9
Gefitinib	GSE202234_H1975
Gefitinib	GSE202234_PC9
Gefitinib	JHU006
Gefitinib	GSE112274_PC9
Afatinib	GSE228154_LT
Afatinib	SCC47
Alectinib	GSE223779
Crizotinib	GSE223779
Gemcitabine	GSE186960
Bortezomib	GSE114461
SN-38	GSE174376

